{
  "__inputs": [],
  "__requires": [
    {
      "type": "grafana",
      "id": "grafana",
      "name": "Grafana",
      "version": "5.0.1"
    },
    {
      "type": "panel",
      "id": "graph",
      "name": "Graph",
      "version": "5.0.0"
    },
    {
      "type": "panel",
      "id": "table",
      "name": "Table",
      "version": "5.0.0"
    }
  ],
  "annotations": {
    "list": [
      {
        "builtIn": 1,
        "datasource": "-- Grafana --",
        "enable": true,
        "hide": true,
        "iconColor": "rgba(0, 211, 255, 1)",
        "limit": 100,
        "name": "Annotations & Alerts",
        "showIn": 0,
        "type": "dashboard"
      }
    ]
  },
  "editable": true,
  "gnetId": null,
  "graphTooltip": 0,
  "id": null,
  "iteration": 1524850061223,
  "links": [],
  "panels": [
    {
      "aliasColors": {},
      "bars": false,
      "dashLength": 10,
      "dashes": false,
      "datasource": "$datasource",
      "fill": 1,
      "gridPos": {
        "h": 8,
        "w": 24,
        "x": 0,
        "y": 0
      },
      "id": 5,
      "interval": "1s",
      "legend": {
        "avg": false,
        "current": false,
        "max": false,
        "min": false,
        "show": true,
        "total": false,
        "values": false
      },
      "lines": true,
      "linewidth": 1,
      "links": [],
      "nullPointMode": "connected",
      "percentage": false,
      "pointradius": 5,
      "points": false,
      "renderer": "flot",
      "seriesOverrides": [
        {
          "alias": "# Threads",
          "fill": 0,
          "yaxis": 2
        }
      ],
      "spaceLength": 10,
      "stack": false,
      "steppedLine": false,
      "targets": [
        {
          "alias": "# Threads",
          "bucketAggs": [
            {
              "field": "Timestamp",
              "id": "2",
              "settings": {
                "interval": "auto",
                "min_doc_count": 0,
                "trimEdges": 0
              },
              "type": "date_histogram"
            }
          ],
          "dsType": "elasticsearch",
          "metrics": [
            {
              "field": "AllThreads",
              "id": "1",
              "meta": {},
              "settings": {},
              "type": "avg"
            }
          ],
          "query": "SampleLabel.keyword:$filters",
          "refId": "A",
          "timeField": "Timestamp"
        },
        {
          "alias": "{{metric}}",
          "bucketAggs": [
            {
              "field": "Timestamp",
              "id": "2",
              "settings": {
                "interval": "auto",
                "min_doc_count": 0,
                "trimEdges": 0
              },
              "type": "date_histogram"
            }
          ],
          "metrics": [
            {
              "field": "ResponseTime",
              "id": "1",
              "meta": {},
              "settings": {},
              "type": "avg"
            },
            {
              "field": "ResponseTime",
              "id": "3",
              "meta": {},
              "settings": {},
              "type": "max"
            }
          ],
          "query": "SampleLabel.keyword:$filters",
          "refId": "B",
          "timeField": "Timestamp"
        }
      ],
      "thresholds": [],
      "timeFrom": null,
      "timeShift": null,
      "title": "# threads vs response time",
      "tooltip": {
        "shared": true,
        "sort": 0,
        "value_type": "individual"
      },
      "type": "graph",
      "xaxis": {
        "buckets": null,
        "mode": "time",
        "name": null,
        "show": true,
        "values": []
      },
      "yaxes": [
        {
          "format": "ms",
          "label": "response time",
          "logBase": 1,
          "max": null,
          "min": null,
          "show": true
        },
        {
          "format": "short",
          "label": "# Threads",
          "logBase": 1,
          "max": null,
          "min": null,
          "show": true
        }
      ]
    },
    {
      "aliasColors": {},
      "bars": false,
      "dashLength": 10,
      "dashes": false,
      "datasource": "$datasource",
      "description": "",
      "fill": 0,
      "gridPos": {
        "h": 8,
        "w": 24,
        "x": 0,
        "y": 8
      },
      "id": 1,
      "interval": "1s",
      "legend": {
        "alignAsTable": true,
        "avg": true,
        "current": true,
        "hideEmpty": true,
        "hideZero": true,
        "max": false,
        "min": false,
        "rightSide": true,
        "show": true,
        "sort": "avg",
        "sortDesc": true,
        "total": false,
        "values": true
      },
      "lines": true,
      "linewidth": 1,
      "links": [
        {
          "dashUri": "db/generic-drilldown-dashboard",
          "dashboard": "Generic Drilldown Dashboard",
          "includeVars": true,
          "keepTime": true,
          "targetBlank": true,
          "title": "Generic Drilldown Dashboard",
          "type": "dashboard"
        }
      ],
      "nullPointMode": "connected",
      "percentage": false,
      "pointradius": 5,
      "points": false,
      "renderer": "flot",
      "seriesOverrides": [],
      "spaceLength": 10,
      "stack": false,
      "steppedLine": false,
      "targets": [
        {
          "alias": "{{metric}} {{SampleLabel.keyword}}",
          "bucketAggs": [
            {
              "fake": true,
              "field": "SampleLabel.keyword",
              "id": "3",
              "settings": {
                "min_doc_count": 1,
                "order": "desc",
                "orderBy": "_term",
                "size": "0"
              },
              "type": "terms"
            },
            {
              "field": "Timestamp",
              "id": "2",
              "settings": {
                "interval": "auto",
                "min_doc_count": 0,
                "trimEdges": 0
              },
              "type": "date_histogram"
            }
          ],
          "dsType": "elasticsearch",
          "hide": false,
          "metrics": [
            {
              "field": "ResponseTime",
              "id": "1",
              "meta": {},
              "settings": {},
              "type": "avg"
            },
            {
              "field": "ResponseTime",
              "hide": true,
              "id": "4",
              "meta": {},
              "settings": {},
              "type": "max"
            },
            {
              "field": "ResponseTime",
              "hide": true,
              "id": "5",
              "meta": {},
              "settings": {},
              "type": "min"
            },
            {
              "field": "ResponseTime",
              "hide": true,
              "id": "6",
              "meta": {},
              "settings": {
                "percents": [
                  "90"
                ]
              },
              "type": "percentiles"
            }
          ],
          "query": "SampleLabel.keyword:$filters",
          "refId": "A",
          "timeField": "Timestamp"
        }
      ],
      "thresholds": [],
      "timeFrom": null,
      "timeShift": null,
      "title": "Response time",
      "tooltip": {
        "shared": true,
        "sort": 0,
        "value_type": "individual"
      },
      "transparent": false,
      "type": "graph",
      "xaxis": {
        "buckets": null,
        "mode": "time",
        "name": null,
        "show": true,
        "values": []
      },
      "yaxes": [
        {
          "format": "ms",
          "label": "response time",
          "logBase": 1,
          "max": null,
          "min": null,
          "show": true
        },
        {
          "format": "short",
          "label": null,
          "logBase": 1,
          "max": null,
          "min": null,
          "show": true
        }
      ]
    },
    {
      "aliasColors": {},
      "bars": false,
      "dashLength": 10,
      "dashes": false,
      "datasource": "$datasource",
      "fill": 0,
      "gridPos": {
        "h": 8,
        "w": 12,
        "x": 0,
        "y": 16
      },
      "id": 3,
      "interval": "1s",
      "legend": {
        "alignAsTable": true,
        "avg": true,
        "current": true,
        "hideEmpty": true,
        "hideZero": true,
        "max": false,
        "min": false,
        "rightSide": true,
        "show": true,
        "sort": "avg",
        "sortDesc": false,
        "total": false,
        "values": true
      },
      "lines": true,
      "linewidth": 1,
      "links": [
        {
          "dashUri": "db/errors-generics",
          "dashboard": "Errors Generics",
          "includeVars": true,
          "keepTime": true,
          "targetBlank": true,
          "title": "Errors Generics",
          "type": "dashboard"
        }
      ],
      "nullPointMode": "connected",
      "percentage": false,
      "pointradius": 5,
      "points": false,
      "renderer": "flot",
      "seriesOverrides": [
        {
          "alias": "Global Throughput",
          "color": "#7eb26d",
          "fill": 1
        },
        {
          "alias": "# Global Error",
          "color": "#bf1b00",
          "fill": 1
        }
      ],
      "spaceLength": 10,
      "stack": false,
      "steppedLine": false,
      "targets": [
        {
          "alias": "Global Throughput",
          "bucketAggs": [
            {
              "field": "Timestamp",
              "id": "2",
              "settings": {
                "interval": "auto",
                "min_doc_count": 0,
                "trimEdges": 0
              },
              "type": "date_histogram"
            }
          ],
          "dsType": "elasticsearch",
          "metrics": [
            {
              "field": "select field",
              "id": "1",
              "type": "count"
            }
          ],
          "query": "SampleLabel.keyword:$filters",
          "refId": "A",
          "timeField": "Timestamp"
        },
        {
          "alias": "Throughput {{SampleLabel.keyword}}",
          "bucketAggs": [
            {
              "fake": true,
              "field": "SampleLabel.keyword",
              "id": "3",
              "settings": {
                "min_doc_count": 1,
                "order": "desc",
                "orderBy": "_term",
                "size": "0"
              },
              "type": "terms"
            },
            {
              "field": "Timestamp",
              "id": "2",
              "settings": {
                "interval": "auto",
                "min_doc_count": 0,
                "trimEdges": 0
              },
              "type": "date_histogram"
            }
          ],
          "dsType": "elasticsearch",
          "metrics": [
            {
              "field": "select field",
              "id": "1",
              "type": "count"
            }
          ],
          "query": "SampleLabel.keyword:$filters",
          "refId": "B",
          "timeField": "Timestamp"
        },
        {
          "alias": "# Global Error",
          "bucketAggs": [
            {
              "field": "Timestamp",
              "id": "2",
              "settings": {
                "interval": "auto",
                "min_doc_count": 0,
                "trimEdges": 0
              },
              "type": "date_histogram"
            }
          ],
          "metrics": [
            {
              "field": "ErrorCount",
              "id": "1",
              "inlineScript": "_value*-1",
              "meta": {},
              "settings": {
                "script": {
                  "inline": "_value*-1"
                }
              },
              "type": "sum"
            }
          ],
          "query": "SampleLabel.keyword:$filters",
          "refId": "C",
          "timeField": "Timestamp"
        },
        {
          "alias": "# Errors {{SampleLabel.keyword}}",
          "bucketAggs": [
            {
              "fake": true,
              "field": "SampleLabel.keyword",
              "id": "3",
              "settings": {
                "min_doc_count": 1,
                "order": "desc",
                "orderBy": "_term",
                "size": "0"
              },
              "type": "terms"
            },
            {
              "field": "Timestamp",
              "id": "2",
              "settings": {
                "interval": "auto",
                "min_doc_count": 0,
                "trimEdges": 0
              },
              "type": "date_histogram"
            }
          ],
          "metrics": [
            {
              "field": "ErrorCount",
              "id": "1",
              "inlineScript": "_value*-1",
              "meta": {},
              "settings": {
                "script": {
                  "inline": "_value*-1"
                }
              },
              "type": "sum"
            }
          ],
          "query": "SampleLabel.keyword:$filters",
          "refId": "D",
          "timeField": "Timestamp"
        }
      ],
      "thresholds": [],
      "timeFrom": null,
      "timeShift": null,
      "title": "Hits and error",
      "tooltip": {
        "shared": true,
        "sort": 0,
        "value_type": "individual"
      },
      "type": "graph",
      "xaxis": {
        "buckets": null,
        "mode": "time",
        "name": null,
        "show": true,
        "values": []
      },
      "yaxes": [
        {
          "format": "short",
          "label": "#",
          "logBase": 1,
          "max": null,
          "min": null,
          "show": true
        },
        {
          "format": "short",
          "label": null,
          "logBase": 1,
          "max": null,
          "min": null,
          "show": true
        }
      ]
    },
    {
      "aliasColors": {},
      "bars": false,
      "dashLength": 10,
      "dashes": false,
      "datasource": "$datasource",
      "decimals": 1,
      "fill": 0,
      "gridPos": {
        "h": 8,
        "w": 12,
        "x": 12,
        "y": 16
      },
      "id": 8,
      "interval": "1s",
      "legend": {
        "alignAsTable": true,
        "avg": true,
        "current": true,
        "hideEmpty": true,
        "hideZero": true,
        "max": false,
        "min": false,
        "rightSide": true,
        "show": true,
        "total": false,
        "values": true
      },
      "lines": true,
      "linewidth": 1,
      "links": [],
      "nullPointMode": "null",
      "percentage": false,
      "pointradius": 5,
      "points": false,
      "renderer": "flot",
      "seriesOverrides": [
        {
          "alias": "Global Sent",
          "fill": 1
        },
        {
          "alias": "Global Received",
          "fill": 1
        }
      ],
      "spaceLength": 10,
      "stack": false,
      "steppedLine": false,
      "targets": [
        {
          "alias": "Global Sent",
          "bucketAggs": [
            {
              "field": "Timestamp",
              "id": "2",
              "settings": {
                "interval": "auto",
                "min_doc_count": 0,
                "trimEdges": 0
              },
              "type": "date_histogram"
            }
          ],
          "dsType": "elasticsearch",
          "hide": false,
          "metrics": [
            {
              "field": "SentBytes",
              "id": "1",
              "inlineScript": "_value*-1",
              "meta": {},
              "settings": {
                "script": {
                  "inline": "_value*-1"
                }
              },
              "type": "sum"
            }
          ],
          "query": "SampleLabel.keyword:$filters",
          "refId": "A",
          "timeField": "Timestamp"
        },
        {
          "alias": "Sent {{SampleLabel.keyword}}",
          "bucketAggs": [
            {
              "fake": true,
              "field": "SampleLabel.keyword",
              "id": "3",
              "settings": {
                "min_doc_count": 1,
                "order": "desc",
                "orderBy": "_term",
                "size": "0"
              },
              "type": "terms"
            },
            {
              "field": "Timestamp",
              "id": "2",
              "settings": {
                "interval": "auto",
                "min_doc_count": 0,
                "trimEdges": 0
              },
              "type": "date_histogram"
            }
          ],
          "dsType": "elasticsearch",
          "metrics": [
            {
              "field": "SentBytes",
              "id": "1",
              "inlineScript": "_value*-1",
              "meta": {},
              "settings": {
                "script": {
                  "inline": "_value*-1"
                }
              },
              "type": "sum"
            }
          ],
          "query": "SampleLabel.keyword:$filters",
          "refId": "B",
          "timeField": "Timestamp"
        },
        {
          "alias": "Global Received",
          "bucketAggs": [
            {
              "field": "Timestamp",
              "id": "2",
              "settings": {
                "interval": "auto",
                "min_doc_count": 0,
                "trimEdges": 0
              },
              "type": "date_histogram"
            }
          ],
          "dsType": "elasticsearch",
          "metrics": [
            {
              "field": "Bytes",
              "id": "1",
              "inlineScript": null,
              "meta": {},
              "settings": {},
              "type": "sum"
            }
          ],
          "query": "SampleLabel.keyword:$filters",
          "refId": "C",
          "timeField": "Timestamp"
        },
        {
          "alias": "Received {{SampleLabel.keyword}}",
          "bucketAggs": [
            {
              "fake": true,
              "field": "SampleLabel.keyword",
              "id": "3",
              "settings": {
                "min_doc_count": 1,
                "order": "desc",
                "orderBy": "_term",
                "size": "0"
              },
              "type": "terms"
            },
            {
              "field": "Timestamp",
              "id": "2",
              "settings": {
                "interval": "auto",
                "min_doc_count": 0,
                "trimEdges": 0
              },
              "type": "date_histogram"
            }
          ],
          "dsType": "elasticsearch",
          "metrics": [
            {
              "field": "Bytes",
              "id": "1",
              "inlineScript": null,
              "meta": {},
              "settings": {},
              "type": "sum"
            }
          ],
          "query": "SampleLabel.keyword:$filters",
          "refId": "D",
          "timeField": "Timestamp"
        }
      ],
      "thresholds": [],
      "timeFrom": null,
      "timeShift": null,
      "title": "Bytes Sent and Received",
      "tooltip": {
        "shared": true,
        "sort": 0,
        "value_type": "individual"
      },
      "type": "graph",
      "xaxis": {
        "buckets": null,
        "mode": "time",
        "name": null,
        "show": true,
        "values": []
      },
      "yaxes": [
        {
          "format": "bytes",
          "label": null,
          "logBase": 1,
          "max": null,
          "min": null,
          "show": true
        },
        {
          "format": "short",
          "label": null,
          "logBase": 1,
          "max": null,
          "min": null,
          "show": true
        }
      ]
    },
    {
      "columns": [],
      "datasource": "$datasource",
      "fontSize": "100%",
      "gridPos": {
        "h": 8,
        "w": 24,
        "x": 0,
        "y": 24
      },
      "id": 2,
      "links": [],
      "pageSize": null,
      "scroll": true,
      "showHeader": true,
      "sort": {
        "col": null,
        "desc": false
      },
      "styles": [
        {
          "alias": "Time",
          "dateFormat": "YYYY-MM-DD HH:mm:ss",
          "pattern": "Time",
          "type": "hidden"
        },
        {
          "alias": "Sample",
          "colorMode": null,
          "colors": [
            "rgba(245, 54, 54, 0.9)",
            "rgba(237, 129, 40, 0.89)",
            "rgba(50, 172, 45, 0.97)"
          ],
          "dateFormat": "YYYY-MM-DD HH:mm:ss",
          "decimals": 0,
          "link": false,
          "linkTargetBlank": false,
          "linkTooltip": "",
          "linkUrl": "",
          "pattern": "SampleLabel.keyword",
          "thresholds": [],
          "type": "number",
          "unit": "hex"
        },
        {
          "alias": "# of samples",
          "colorMode": null,
          "colors": [
            "rgba(245, 54, 54, 0.9)",
            "rgba(237, 129, 40, 0.89)",
            "rgba(50, 172, 45, 0.97)"
          ],
          "dateFormat": "YYYY-MM-DD HH:mm:ss",
          "decimals": 0,
          "pattern": "Count",
          "thresholds": [],
          "type": "number",
          "unit": "locale"
        },
        {
          "alias": "Average RT.",
          "colorMode": null,
          "colors": [
            "rgba(245, 54, 54, 0.9)",
            "rgba(237, 129, 40, 0.89)",
            "rgba(50, 172, 45, 0.97)"
          ],
          "dateFormat": "YYYY-MM-DD HH:mm:ss",
          "decimals": 2,
          "pattern": "Average ResponseTime",
          "thresholds": [],
          "type": "number",
          "unit": "ms"
        },
        {
          "alias": "Min RT.",
          "colorMode": null,
          "colors": [
            "rgba(245, 54, 54, 0.9)",
            "rgba(237, 129, 40, 0.89)",
            "rgba(50, 172, 45, 0.97)"
          ],
          "dateFormat": "YYYY-MM-DD HH:mm:ss",
          "decimals": 2,
          "pattern": "Min",
          "thresholds": [],
          "type": "number",
          "unit": "ms"
        },
        {
          "alias": "Max RT.",
          "colorMode": null,
          "colors": [
            "rgba(245, 54, 54, 0.9)",
            "rgba(237, 129, 40, 0.89)",
            "rgba(50, 172, 45, 0.97)"
          ],
          "dateFormat": "YYYY-MM-DD HH:mm:ss",
          "decimals": 2,
          "pattern": "Max",
          "thresholds": [],
          "type": "number",
          "unit": "ms"
        },
        {
          "alias": "Average Byte Received",
          "colorMode": null,
          "colors": [
            "rgba(245, 54, 54, 0.9)",
            "rgba(237, 129, 40, 0.89)",
            "rgba(50, 172, 45, 0.97)"
          ],
          "dateFormat": "YYYY-MM-DD HH:mm:ss",
          "decimals": 2,
          "pattern": "Average Bytes",
          "thresholds": [],
          "type": "number",
          "unit": "bytes"
        },
        {
          "alias": "Average Byte Sent",
          "colorMode": null,
          "colors": [
            "rgba(245, 54, 54, 0.9)",
            "rgba(237, 129, 40, 0.89)",
            "rgba(50, 172, 45, 0.97)"
          ],
          "dateFormat": "YYYY-MM-DD HH:mm:ss",
          "decimals": 2,
          "pattern": "Average SentBytes",
          "thresholds": [],
          "type": "number",
          "unit": "bytes"
        },
        {
          "alias": "# Error",
          "colorMode": null,
          "colors": [
            "rgba(245, 54, 54, 0.9)",
            "rgba(237, 129, 40, 0.89)",
            "rgba(50, 172, 45, 0.97)"
          ],
          "dateFormat": "YYYY-MM-DD HH:mm:ss",
          "decimals": 0,
          "pattern": "Sum",
          "thresholds": [],
          "type": "number",
          "unit": "short"
        }
      ],
      "targets": [
        {
          "bucketAggs": [
            {
              "fake": true,
              "field": "SampleLabel.keyword",
              "id": "6",
              "settings": {
                "min_doc_count": 1,
                "order": "asc",
                "orderBy": "_term",
                "size": "0"
              },
              "type": "terms"
            }
          ],
          "dsType": "elasticsearch",
          "hide": false,
          "metrics": [
            {
              "field": "select field",
              "id": "8",
              "type": "count"
            },
            {
              "field": "ErrorCount",
              "id": "9",
              "meta": {},
              "settings": {},
              "type": "sum"
            },
            {
              "field": "ResponseTime",
              "id": "10",
              "meta": {},
              "settings": {},
              "type": "min"
            },
            {
              "field": "ResponseTime",
              "id": "11",
              "meta": {},
              "settings": {},
              "type": "avg"
            },
            {
              "field": "ResponseTime",
              "id": "12",
              "meta": {},
              "settings": {},
              "type": "max"
            },
            {
              "field": "Bytes",
              "id": "17",
              "meta": {},
              "settings": {},
              "type": "avg"
            },
            {
              "field": "SentBytes",
              "id": "18",
              "meta": {},
              "settings": {},
              "type": "avg"
            }
          ],
          "query": "SampleLabel.keyword:$filters",
          "refId": "A",
          "timeField": "Timestamp"
        }
      ],
      "title": "Synthesis Report",
      "transform": "table",
      "transparent": false,
      "type": "table"
    },
    {
      "columns": [
        {
          "text": "Timestamp",
          "value": "Timestamp"
        },
        {
          "text": "SampleLabel",
          "value": "SampleLabel"
        },
        {
          "text": "ResponseCode",
          "value": "ResponseCode"
        },
        {
          "text": "ResponseBody",
          "value": "ResponseBody"
        }
      ],
      "datasource": "$datasource",
      "fontSize": "90%",
      "gridPos": {
        "h": 9,
        "w": 24,
        "x": 0,
        "y": 32
      },
      "id": 10,
      "links": [],
      "pageSize": 75,
      "scroll": true,
      "showHeader": true,
      "sort": {
        "col": 0,
        "desc": true
      },
      "styles": [
        {
          "alias": "Time",
          "dateFormat": "YYYY-MM-DD HH:mm:ss",
          "pattern": "Time",
          "type": "date"
        },
        {
          "alias": "Time of error",
          "colorMode": null,
          "colors": [
            "rgba(245, 54, 54, 0.9)",
            "rgba(237, 129, 40, 0.89)",
            "rgba(50, 172, 45, 0.97)"
          ],
          "dateFormat": "YYYY-MM-DD HH:mm:ss",
          "decimals": 2,
          "pattern": "Timestamp",
          "thresholds": [],
          "type": "number",
          "unit": "short"
        },
        {
          "alias": "Sample",
          "colorMode": null,
          "colors": [
            "rgba(245, 54, 54, 0.9)",
            "rgba(237, 129, 40, 0.89)",
            "rgba(50, 172, 45, 0.97)"
          ],
          "dateFormat": "YYYY-MM-DD HH:mm:ss",
          "decimals": 2,
          "pattern": "SampleLabel",
          "thresholds": [],
          "type": "number",
          "unit": "short"
        },
        {
          "alias": "Response Body",
          "colorMode": null,
          "colors": [
            "rgba(245, 54, 54, 0.9)",
            "rgba(237, 129, 40, 0.89)",
            "rgba(50, 172, 45, 0.97)"
          ],
          "dateFormat": "YYYY-MM-DD HH:mm:ss",
          "decimals": 2,
          "pattern": "ResponseBody",
          "thresholds": [],
          "type": "number",
          "unit": "short"
        },
        {
          "alias": "Status",
          "colorMode": null,
          "colors": [
            "rgba(245, 54, 54, 0.9)",
            "rgba(237, 129, 40, 0.89)",
            "rgba(50, 172, 45, 0.97)"
          ],
          "dateFormat": "YYYY-MM-DD HH:mm:ss",
          "decimals": 2,
          "pattern": "ResponseCode",
          "thresholds": [],
          "type": "number",
          "unit": "short"
        },
        {
          "alias": "",
          "colorMode": null,
          "colors": [
            "rgba(245, 54, 54, 0.9)",
            "rgba(237, 129, 40, 0.89)",
            "rgba(50, 172, 45, 0.97)"
          ],
          "decimals": 2,
          "pattern": "/.*/",
          "thresholds": [],
          "type": "number",
          "unit": "short"
        }
      ],
      "targets": [
        {
          "bucketAggs": [],
          "metrics": [
            {
              "field": "select field",
              "id": "1",
              "meta": {},
              "settings": {
                "size": 500
              },
              "type": "raw_document"
            }
          ],
          "query": "SampleLabel.keyword:$filters && ErrorCount:1",
          "refId": "A",
          "timeField": "Timestamp"
        }
      ],
      "title": "Error Panel",
      "transform": "json",
      "type": "table"
    }
  ],
  "refresh": "10s",
  "schemaVersion": 16,
  "style": "dark",
  "tags": [],
  "templating": {
    "list": [
      {
        "current": {
          "text": "mcp_test",
          "value": "mcp_test"
        },
        "hide": 0,
        "label": null,
        "name": "datasource",
        "options": [],
        "query": "elasticsearch",
        "refresh": 1,
        "regex": "",
        "type": "datasource"
      },
      {
        "allValue": null,
        "current": {},
        "datasource": "$datasource",
        "hide": 0,
        "includeAll": true,
        "label": null,
        "multi": true,
        "name": "filters",
        "options": [],
        "query": "{\"find\": \"terms\", \"field\": \"SampleLabel.keyword\", \"query\": \"\"}",
        "refresh": 2,
        "regex": "",
        "sort": 1,
        "tagValuesQuery": "",
        "tags": [],
        "tagsQuery": "",
        "type": "query",
        "useTags": false
      }
    ]
  },
  "time": {
    "from": "2018-04-26T13:55:00.000Z",
    "to": "now"
  },
  "timepicker": {
    "refresh_intervals": [
      "5s",
      "10s",
      "30s",
      "1m",
      "5m",
      "15m",
      "30m",
      "1h",
      "2h",
      "1d"
    ],
    "time_options": [
      "5m",
      "15m",
      "1h",
      "6h",
      "12h",
      "24h",
      "2d",
      "7d",
      "30d"
    ]
  },
  "timezone": "browser",
  "title": "JMeter Generic Dashboard",
  "uid": "APfxHSzmk",
  "version": 42
}
